,CO,CO2,H2,flow rate
acetate,0.0026723960996857606,0.01741602166560247,0.0035599377200656993,0.019779777261924345
biomass,0.011618086066531856,0.006302526493980721,0.015162045920480269,0.01903841166868298
butanol,0.05364781854469353,0.053600470726902466,0.05806999431007981,0.016628099211048634
butyrate,0.041939502622451705,0.02027394925301223,0.04415281467823041,0.004441528683826112
ethanol,0.005734356952483416,0.009482179991389558,0.006399410005005956,0.010390876838318307
