,CO,CO2,H2,flow rate
acetate,0.0030251960167338387,0.012318324060308443,0.0033493507712488934,0.012223405546206507
biomass,0.010820940284582407,0.011223879269498901,0.015465617857672847,0.011418313081225095
butanol,0.0026944447418878947,0.003532297901958569,0.10701754731815019,0.015586529379062346
butyrate,0.08728764894150635,0.001978259342726933,0.003169343172319402,0.004622513224386361
ethanol,0.0056951468778243825,0.006507433917193921,0.002654309148855932,0.012235990983651798
