,CO,CO2,H2,flow rate
acetate,0.0023238918531149197,0.010358818293153159,0.0034684277307134082,0.012008824311437996
biomass,0.0139554287421507,0.010411855990523213,0.013725246960368401,0.011883864787450297
butanol,0.004822765567245496,0.0025432409916895707,0.10355453932270792,0.017050635340535487
butyrate,0.0800021058975671,0.001681975892339569,0.00698525126827595,0.0036586582037177054
ethanol,0.006168333048241904,0.00717521815380172,0.003125166644859453,0.010350532599078893
