,CO,CO2,H2,flow rate
acetate,0.002198403341377692,0.012518083005000976,0.0025766782229310003,0.009944401275548022
biomass,0.010512181543526176,0.009643574849878942,0.015881852043088524,0.01282732377286915
butanol,0.0023539542754891824,0.002810149856861644,0.10062258509077618,0.020277051629335848
butyrate,0.09178572955140024,0.0023166571390170767,0.0022799658263348965,0.0034676163247681726
ethanol,0.005121450423760859,0.006199400424409285,0.0031004475763684023,0.007708995807534013
